x,y,owner,text
3767,901,0,TODO: To Bicester South Junctio
3767,909,0,Brill Tunnel
2464,1,0,To Bedford
2609,107,0,A507
2909,223,0,Single & Double Junction
2614,105,0,M1
3274,1533,0,Saunderton Tunnel
3344,964,0,TODO: Aylesbury Vale Single
3338,1464,0,TODO: C&PRR
2161,1834,0,Watford South Junction
2178,1824,0,Watford East Junction
2193,1825,0,Watford North Junction
3206,1050,0,Aylesbury Junction
2650,1676,0,31
2046,1719,0,TODO: Check Matts Work to Abbey
1617,2363,0,6
1617,2362,0,5
1617,2361,0,4
1617,2360,0,3
1617,2359,0,2
1617,2358,0,1
1600,2365,0,8
1600,2364,0,7
1600,2363,0,6
1600,2362,0,5
1640,2369,0,4
1640,2368,0,3
1638,2367,0,2
1577,2359,0,1
1577,2360,0,2
1577,2361,0,3
1577,2362,0,4
1577,2363,0,5
1577,2364,0,6
2987,239,0,Flyover Junction Summit
2988,234,0,CEMEX Discharge
2964,227,0,Flyover Single Line Junction
2961,223,0,Single Line Junction
2956,217,0,EMU Stabling
2957,215,0,Refuelling Road
3100,48,0,Milton Keynes North Junction
3143,1,0,To Rugby / Northampton
2651,1677,0,32
3003,259,0,TODO:  Varsity Line
3037,141,0,Denbigh Hall North Junction
3094,83,0,Milton Keynes South Junction
2948,223,0,Fenny Stratford Junction
2280,1824,0,22
2993,220,0,2
2992,220,0,3
2991,220,0,4
2990,220,0,5
2989,220,0,6
2988,220,0,7
2985,220,0,10
2984,220,0,11
2983,220,0,Arrival Line
2986,220,0,9
2987,220,0,8
2994,220,0,1
2994,189,0,Bletchley Flyover North Jn
2996,183,0,Denbigh Hall South Junction
3064,121,0,Knowlhill Junction
2996,311,0,Drayton Road Junction
2997,263,0,Water Eaton Road Junction
2854,560,0,Linslade Tunnels
2815,594,0,TODO: Leighton Buzzard Railway
2792,777,0,Ledburn Junction
2569,1246,0,Northchurch Tunnels
2376,1340,0,Bourne End Junction
2090,1657,0,Watford Tunnels
2172,1536,0,M25 Gade Valley Viaduct
676,2167,0,TODO: Great Eastern Main Line
2041,1734,0,TODO: Watford Yard
2038,1739,0,Watford South Junction
1988,1581,0,TODO: M1 bridge to be added
1714,2332,0,Park Royal Sidings
1902,2266,0,Greenford Bay Junction
1907,2256,0,Greenford West Junction
1885,2267,0,Greenford East Junction
1645,2289,0,Tamper Siding
2317,2514,0,Cement Discharge
2316,2514,0,Cripple Siding
966,2272,0,17
968,2272,0,16
969,2272,0,14/15
971,2272,0,13
965,2264,0,10/9
1089,2022,0,57
1089,2019,0,54
1088,2016,0,45
1088,2018,0,47
1088,2011,0,40
1088,2007,0,36
1084,2003,0,35
1089,2003,0,30
1094,2003,0,25
1095,1999,0,24
1099,1999,0,20
1101,1999,0,18
965,2268,0,5/3
963,2262,0,11/10A
965,2266,0,8/6
964,2260,0,12
969,2270,0,4A/4B
970,2259,0,1/2
1941,2437,0,Hanwell Top Lock No.92
2315,2514,0,Re-bar Discharge
1865,2473,0,M4
2280,1825,0,21
1477,2383,0,Aspects should be facing
1476,2382,0,additional tile between.
1475,2381,0,for mexicans. Might need one
1489,2378,0,B
1489,2377,0,A
1489,2376,0,1
1464,2375,0,8023A
1453,2383,0,Bishop's Bridge
1460,2382,0,Westbourne Bridge
1470,2383,0,A40 Slip Road
1489,2375,0,2
1464,2376,0,8021AB
1468,2375,0,8024AB
1469,2374,0,8040AB
1470,2376,0,8016AB
1470,2377,0,8008AB
1489,2374,0,3
1459,2379,0,8005AB
1489,2373,0,4
2240,1825,0,31
1463,2378,0,8006AB
1489,2372,0,5
2240,1824,0,32
2240,1823,0,33
2240,1822,0,34
1459,2376,0,8020AB
1093,2913,0,TODO: Tramlink (vii)
1461,2375,0,8022A
1136,2904,0,TODO: Tramlink (vi)
1206,3022,0,TODO: Tramlink (v)
1376,2929,0,TODO: Tramlink (iii)
1394,2929,0,TODO: Tramlink (ii)
1532,2823,0,TODO: Tramlink (i)
1218,3022,0,TODO: Tramlink (iv)
2915,224,0,A5
1285,2031,0,TODO: Hornsey Depot (North End)
237,707,0,TODO: Airport People Mover
268,714,0,Coopers Lane Junction
350,708,0,Tye Green Junction
382,218,0,Trees (CCTV)
394,97,0,Littlebury Tunnel
382,126,0,Audley End Tunnel
394,1,0,To Cambridge
367,674,0,Stansted East Junction
366,650,0,Stansted North Junction
380,663,0,Stansted South Junction
512,949,0,Spellbrook (CCTV)
946,1278,0,Broxbourne Junction
1020,1556,0,Cheshunt Junction
1051,2302,0,TODO: Hertford Union Canal
1046,2406,0,TODO: Lee & Stort Navigation
1051,2408,0,Limehouse Lock No. 13
1172,2285,0,Kingsland Basin
1221,2299,0,Wenlock Basin
1225,2299,0,City Road Basin
1252,2293,0,Islington Tunnel
1345,2269,0,Kentish Town Lock No. 3
1375,2291,0,Railway should be over canal
1376,2287,0,TODO : Camden Carriage Sidings
1951,2444,0,"Three Bridges"
2934,441,0,Soulbury Middle Lock No. 25
2767,1053,0,Marsworth Top Lock No. 45
2811,1014,0,Marsworth Narrow Staircase 1&2
2807,1007,0,Marsworth Lock No. 38
2656,1167,0,Cowroast Lock No.46
2450,1325,0,Top Side Lock No.56
2279,1369,0,Boxmoor Bottom Lock No.64
2125,1707,0,TODO: Watford Miniature Railway
2108,1776,0,TODO: Croxley Rail Link [TBC]
2445,2095,0,A413
2295,2049,0,Widewater Lock No.86
2313,2104,0,River Colne
2167,2146,0,To LUL
2133,2146,0,Ruislip Gardens Junction
3693,2621,0,4
3633,2626,0,TODO: Reading (East) distances
3697,2630,0,Reading High Level Junction
3668,2621,0,East Run Round (Arr/Dep)
3668,2622,0,E10
3668,2623,0,E8
3668,2624,0,E6
3668,2625,0,E4E
3668,2626,0,E2
1489,2371,0,6
1460,2381,0,8001AB
1456,2380,0,8003AB
1454,2379,0,8004A
1367,2299,0,Park Street Tunnel
1465,2378,0,8007A
1457,2377,0,8014AB
1571,2354,0,Old Oak Common Flyover
1467,2373,0,8039AB
1505,2353,0,Crossrail Eastbound
1461,2373,0,8038AB
1474,2375,0,3
1474,2374,0,4
1474,2373,0,5
1459,2374,0,8034AB
1474,2371,0,Gantry 3
1456,2374,0,8032AB
1474,2377,0,1
1474,2376,0,2
1474,2372,0,6
1456,2373,0,8033AB
1461,2378,0,8015AB
1456,2372,0,8037A
1455,2371,0,8036A
1497,2361,0,Turnback A
1474,2380,0,TODO: Check signal positioning
1497,2358,0,Crossrail Eastbound
1497,2359,0,Turnback C
1497,2360,0,Turnback B
1497,2362,0,Crossrail Westbound
1497,2363,0,5
1497,2364,0,4
1497,2365,0,3
1497,2366,0,2
1497,2367,0,1
1505,2355,0,Crossrail Westbound
1505,2356,0,5
1505,2357,0,4
1505,2358,0,3
1505,2359,0,2
1505,2360,0,1
1515,2353,0,6
1515,2354,0,5
1515,2355,0,4
1545,2352,0,CDL2
1545,2353,0,CDL1
1553,2351,0,CDL2
1553,2352,0,CDL1
1553,2354,0,UR
1553,2355,0,DR
1553,2356,0,UM
1553,2357,0,DM
1553,2359,0,E&C
1553,2360,0,NPLA
1553,2361,0,NPLB
1545,2354,0,UR
1545,2355,0,DR
1545,2356,0,3
1545,2357,0,2
1545,2358,0,1
1515,2356,0,3
1515,2357,0,2
1515,2358,0,1
1497,2356,0,Paddington New Yard  (OOU)
1525,2352,0,CDL
1545,2361,0,NPLB
1519,2352,0,Portobello Junction
1525,2353,0,6
1525,2354,0,5
1525,2355,0,4
1525,2356,0,3
1525,2357,0,2
1498,2369,0,Subway Tunnel
1558,2350,0,Kensal Green East Junction
1573,2353,0,Carriage Line
1573,2352,0,Engine Siding
1573,2350,0,Engine & Carriage Line
1573,2349,0,Crossrail Depot Line 1
1573,2348,0,Crossrail Depot Line 2
1637,2352,0,HEX A
1637,2351,0,HEX B
1669,2359,0,Friars Junction
1594,2342,0,Grand Union Canal
1598,2351,0,Back Line
1597,2350,0,Washer Bypass
1597,2349,0,CDL1
1597,2348,0,CDL2
1603,2348,0,Old Oak Common access severed
1602,2347,0,August 2018 Layout
735,2177,0,Ley Street Yard Sidings
703,2153,0,1
704,2153,0,2
704,2151,0,Plessey Roads
718,2160,0,ILFORD DEPOT
730,2171,0,1
731,2171,0,1A
736,2175,0,6
735,2175,0,5
734,2175,0,4
733,2175,0,3
732,2175,0,2
720,2181,0,5
694,2163,0,1
694,2162,0,2
720,2179,0,6
694,2161,0,3
694,2160,0,4
720,2178,0,7
694,2159,0,5
720,2177,0,8
694,2158,0,6
694,2157,0,7
724,2173,0,12
694,2156,0,8
724,2172,0,13
694,2155,0,9
694,2154,0,10
724,2171,0,14
694,2153,0,11
694,2152,0,12
724,2170,0,15
694,2151,0,13
724,2169,0,16
694,2150,0,14
724,2168,0,17
694,2149,0,15
694,2148,0,16
724,2167,0,18
724,2166,0,19
724,2165,0,20
724,2164,0,21
1725,2375,0,3
1726,2376,0,2
1727,2377,0,1
1706,2374,0,Down Poplar
1705,2373,0,Up Poplar
1702,2370,0,Rec 3
1703,2371,0,Rec 2
1704,2372,0,Rec 1
1726,2379,0,Rec 3
1727,2380,0,Rec 2
1728,2381,0,Rec 1
720,2186,0,1
720,2185,0,2
720,2183,0,3
720,2182,0,4
699,2164,0,outlet
724,2163,0,22
2314,2514,0,PFA Discharge
1899,2279,0,Greenford South Junction
699,2165,0,inlet
1384,2348,0,SB Jub
1384,2349,0,SB Bak
1384,2347,0,NB Jub
1384,2351,0,NB Bak
1265,2124,0,Harringay Park Junction
1344,2197,0,Junction Road Junction
1370,2229,0,Carlton Road Junction
1753,2391,0,Acton West
1689,2372,0,Acton East Junction
1857,2385,0,Plasser's (AOCL+B)
1851,2390,0,West Ealing Junction
1869,2382,0,Drayton Green Junction
1884,2395,0,Hanwell Junction
1898,2398,0,Hanwell Viaduct
1911,2399,0,Wharncliffe Viaduct
1927,2401,0,Hanwell Bridge
1959,2407,0,Hanwell Bridge Sidings
1977,2419,0,Southall East Junction
2115,2435,0,Grand Union Canal
2085,2436,0,Paddington Arm
2084,2435,0,Grand Union Canal
2049,2422,0,Southall West Junction
2338,2476,0,M4
2201,2440,0,Stockley Bridge Junction
2274,2407,0,West Drayton Junction
2258,2407,0,West Drayton East Junction
2324,2449,0,M25
3658,2624,0,Caversham Road Junction
3677,2634,0,Reading High Level Junction
3693,2624,0,1
3695,2648,0,Oxford Road Junction
3693,2623,0,2
3693,2622,0,3
3674,2625,0,E4W
3696,2620,0,Wheel Lathe Road
3723,2620,0,W9
3723,2621,0,W7
3723,2622,0,W5
3707,2629,0,Reading West Junction
3723,2623,0,W3
3723,2624,0,W1 (Arr/Dep)
3660,2637,0,Westbury Line Junction
4071,2832,0,Down Towney Loop
4094,2853,0,To Newbury
1446,2385,0,B
1446,2384,0,A
1448,2385,0,Paddington (Crossrail)
1442,2379,0,Paddington (Circle & District)
1440,2371,0,Paddington (Bakerloo)
1448,2368,0,16
1448,2369,0,15
1447,2370,0,14
1445,2371,0,12
1445,2372,0,11
1444,2373,0,10
1444,2374,0,9
1444,2375,0,8
1444,2376,0,7
1444,2377,0,6
1444,2378,0,5
1444,2379,0,4
1444,2380,0,3
1444,2381,0,2
1444,2382,0,1
1450,2369,0,Paddington (H&C)
3626,3999,0,Carriage Siding
3626,3998,0,Crane Siding
3626,3997,0,Shunt Neck
3844,4094,0,To Alresford
3652,4023,0,Meon Siding
3187,3763,0,Carriage Washer
3196,3762,0,Cleaning Shed
3196,3759,0,CET Apron
228,2574,0,(Not quite the M25)
226,2572,0,A282 (SB)
228,2572,0,A282 (NB)
183,2282,0,M25 (approx)
213,1990,0,M25 (approx)
672,1628,0,M25 (approx)
1034,1647,0,M25 (Approx)
1083,1645,0,M25 (approx)
1256,1617,0,M25
1495,1635,0,M25
1848,1511,0,M25 (approx)
1935,1511,0,M25 (approx)
2047,1724,0,TODO: Speeds south of here (SL)
2350,1787,0,M25
2431,2095,0,M25
2350,2421,0,M25
1006,3481,0,M25
524,3201,0,M25
530,3291,0,M25
308,2692,0,(Not quite the M25)
1618,2353,0,Rec. Line No. 1
1606,2353,0,Rec. Line No. 1
1875,2751,0,Shacklegate Junction
1915,2748,0,Fulwell Junction
1890,2732,0,Strawberry Hill Junction
1610,2350,0,S8
1610,2349,0,S9
1610,2348,0,S10
1611,2345,0,N1
307,2691,0,A282
2464,2918,0,M3
2525,3266,0,Woking Junction
2274,3115,0,Byfleet Junction
1977,2663,0,Whitton Junction
1576,2347,0,Grand Canal Junction
1986,2649,0,Hounslow Junction
2000,2663,0,Feltham Junction
1665,2345,0,T11
2061,2691,0,Carriage Washer (base)
1662,2338,0,T1
1635,2344,0,Former Old Oak Common Depot
2513,2585,0,NB Sun
3631,2627,0,Reading New Junction
3640,2626,0,Reading East Junction
1618,2352,0,Rec. Line No. 2
1637,2350,0,HEX C
1611,2344,0,N2
1743,2497,0,New Kew Junction
1760,2500,0,Old Kew Junction
1597,2331,0,43
1600,2331,0,40
1608,2338,0,Crossrail Depot
1605,2331,0,35
1610,2331,0,30
1615,2331,0,25
1620,2331,0,20
1632,2342,0,AA
1632,2341,0,BB
1610,2346,0,S12
1632,2340,0,CC
1639,2334,0,25
1640,2334,0,23
1625,2331,0,15
2560,2585,0,NB Datch
1698,2279,0,U&D HLG
1695,2280,0,Railnet Rev.
1690,2274,0,U&D HLG
1689,2275,0,15
1689,2276,0,14
1750,2252,0,7
1686,2285,0,5
1749,2252,0,6
1685,2289,0,1
1748,2252,0,5
1685,2288,0,2
1747,2252,0,4
1685,2287,0,3
1746,2252,0,3
1745,2252,0,2
1685,2286,0,4
1743,2252,0,15
1742,2252,0,14
1741,2252,0,13
1739,2252,0,11
1738,2252,0,10
1734,2249,0,4
1734,2248,0,3
1762,2233,0,UHL
2406,2756,0,Thorpe Lane (CCTV)
1762,2242,0,UHL Yard
2448,2756,0,Pooley Green (CCTV)
2453,2755,0,M25
2370,2715,0,River Colne
2395,2704,0,M25
1723,2264,0,C3
1689,2277,0,13
1689,2278,0,12
1686,2284,0,6
1744,2252,0,1
1689,2279,0,11
1686,2283,0,7
1686,2282,0,8
1686,2281,0,9
1736,2252,0,8
1735,2252,0,UCL
1734,2247,0,2
1734,2246,0,1
1734,2245,0,DCL
1632,2334,0,5
1726,2281,0,Customs Siding
1726,2282,0,South Dep
1726,2283,0,South Arr
1726,2284,0,R
1726,2285,0,Q
1606,2352,0,Rec. Line No. 2
3980,3491,0,3 (Engine)
3980,3490,0,2 (Western)
3980,3489,0,1 (Reception)
3967,3484,0,6
3985,3484,0,1
3996,3490,0,Thorneycroft Siding
4094,3487,0,To Eastleigh/Salisbury
3935,3482,0,3
3935,3483,0,2
3935,3481,0,4
3935,3484,0,1
3950,3490,0,Long Valley Siding
375,2896,0,M25
3952,3474,0,3
2985,3341,0,Frimley Junction
2945,3466,0,Ash Vale Junction
3952,3475,0,2
1728,2273,0,A5
1730,2275,0,A1
1731,2275,0,Rec 7
1734,2278,0,Rec 1
2939,3332,0,Basingstoke Canal Aqueduct
1769,2241,0,Rec 1
4092,3483,0,Worting Junction (half of)
2512,3258,0,No.2 Up Siding
2525,3258,0,No.2 Reception
2525,3259,0,No.1 Reception
2503,3259,0,Shortblock Engine Siding
2502,3258,0,Hurdle's Engine Siding
2257,3081,0,River Wey
2305,3121,0,M25
2308,3125,0,Wey Navigation
2267,3066,0,Addlestone Junction
2228,3066,0,Weybridge Junction
2514,3269,0,Sand
161,2183,0,M25 (approx)
3060,3560,0,Aldershot Tunnel (76 yds)
3000,3520,0,Aldershot North Junction
2867,3404,0,Foxhills Tunnel (418yds)
2977,3514,0,Aldershot South Junction
3287,2859,0,Wokingham Junction
2310,2500,0,M25
2049,1685,0,Watford North Junction
666,2283,0,TODO: LTS & District Line
60,2559,0,TODO: To Tilbury
117,2553,0,TODO: Branch to Upminster
1734,2252,0,6
2412,2940,0,M25
3694,2709,0,Southcote Junction
2161,2148,0,TODO: Ruislip Depot
2240,1821,0,35
2166,1615,0,Hunton Bridge Top Lock No.72
1617,2035,0,TODO: Midland Main Line
1246,2103,0,TODO: Hornsey Depot (South End)
986,1423,0,Wharf Road (AHBC-X)
2273,2476,0,M4
975,2243,0,DLR
3634,2634,0,Reading Southern Junction
2426,2413,0,Langley East
3622,2634,0,Reading Spur Junction
3260,2557,0,Ruscombe
1815,2545,0,Thames Locks No.101
2516,2401,0,Dolphin Junction
1733,2252,0,5
2355,2754,0,Staines East Junction
2488,2767,0,Rusham (AHBC)
2871,3594,0,Ash Junction
1763,2241,0,Rec 7
408,3322,0,Otford Junction
1,3351,0,To Maidstone
1197,2428,0,Jubilee
1197,2430,0,Northern
592,2496,0,Alsike Road Junction
677,2495,0,Plumstead Portal
765,2500,0,NR
764,2493,0,DLR
763,2484,0,XR
1198,2393,0,Bank
1197,2404,0,Monument
1596,2329,0,Mitre Bridge Junction
1720,2311,0,Some River
1670,2352,0,Acton Wells Jn (part)
1670,2342,0,Acton Wells Jn (part)
898,2556,0,Blackheath Tunnel (1681 yds)
912,2603,0,Blackheath Junction
899,2613,0,Kidbrooke Tunnel (437 yds)
1217,1,0,To Cambridge
1,2711,0,To Gravesend
1,2800,0,To Ashford
1,2915,0,To Rochester
169,2671,0,Greenhithe Tunnel (253yds)
432,2600,0,Slade Green Junction
432,2626,0,Crayford Creek Junction
446,2606,0,Perry Street Fork Junction
414,2614,0,Carriage Washer
415,2612,0,Lathe Road
419,2614,0,Berthing Shed
395,2666,0,Crayford Spur 'A' Junction
414,2684,0,Crayford Spur 'B' Junction
1724,2270,0,B7
378,2689,0,Dartford Junction
356,2684,0,Dartford Station West Junction
341,2685,0,Dartford Station East Junction
1723,2266,0,C2
1723,2268,0,C1
1723,2269,0,B8 / Thro Sdg
1723,2276,0,B1
1723,2277,0,A5
1723,2281,0,A1
1723,2282,0,Rec 7
2783,3323,0,Pirbright Junction
333,2691,0,4
333,2690,0,3
327,2689,0,2
930,2706,0,41-45
929,2705,0,Freight Sidings
928,2704,0,Bramdean Sidings
936,2711,0,Washer
934,2709,0,31-38
932,2707,0,Grove Park Down Sidings
933,2708,0,EMU Sidings
327,2688,0,1
1712,2251,0,North Circular
1595,3389,0,The Hoppety
915,2728,0,Shunt Neck
894,2744,0,Grove Park "Shed"
960,2695,0,St Mildred's Road
932,2665,0,Lee Loop Junction
954,2688,0,Lee Spur Junction
889,2755,0,Baring Road
956,2670,0,Sand Pit
955,2677,0,10
954,2677,0,9
953,2677,0,8
955,2669,0,7
954,2668,0,6
953,2668,0,5
952,2668,0,4
951,2667,0,3
950,2666,0,2
949,2666,0,1
950,2671,0,Clock Road
949,2670,0,Front Pit Road
948,2669,0,New Road
953,2667,0,Plant Depot
954,2676,0,Refuelling Shed
936,2666,0,1
936,2665,0,1A
937,2665,0,2
938,2665,0,3
939,2665,0,4
942,2665,0,5
943,2665,0,6
944,2665,0,7
945,2665,0,8
946,2669,0,11
945,2669,0,10
944,2669,0,9
771,2903,0,Hawkwood Junction (part)
893,2761,0,4
850,2807,0,Chislehurst Fast Tunnel (591yd)
849,2804,0,Chislehurst Slow Tunnel (649yd)
1266,2449,0,To Do - "New" Layout
892,2761,0,5
894,2761,0,3
895,2761,0,2
896,2761,0,1
741,2912,0,St Mary Cray Up Junctions
760,2893,0,St Mary Cray Down Junctions
791,2881,0,Chislehurst Junction
793,2900,0,Bickley Junctions
756,2926,0,Petts Wood Fast Junctions
747,2925,0,Petts Wood Slow Junctions
701,3004,0,Orpington North Junction
733,2958,0,Petts Wood South Junction
704,3015,0,8
705,3015,0,7
706,3015,0,6
707,3015,0,5
708,3015,0,4
709,3015,0,3
710,3015,0,2
711,3015,0,1
703,2997,0,4
704,2997,0,3
705,2997,0,2
283,2894,0,Darenth Viaduct
706,3027,0,Orpington South Junction
706,2997,0,1
160,2895,0,Fawkham Junction
640,3122,0,Chelsfield Tunnel (597yds)
396,3043,0,Eynsford Viaduct
417,2993,0,Eynsford Tunnel (828 yds)
528,3240,0,Polhill Tunnel (1mi 851yds)
417,2632,0,Lift Shed
420,2631,0,Maintenance Shed
783,2902,0,Hawkwood Junction (part)
449,3436,0,Sevenoaks Junction
186,3834,0,Balfour Beatty MPV Depot
452,3522,0,Sevenoaks Tunnel (1mi 1693yds)
199,3833,0,Hastings Chord
188,4076,0,Wells Tunnel (823 yds)
171,3956,0,Southborough Viaduct
188,4094,0,To Tunbridge Wells
189,3871,0,A21
202,3825,0,Tonbridge East Junction
215,3824,0,Tonbridge West Junction
189,3855,0,Somerhill Tunnel (410yds)
1,3829,0,To Paddock Wood
1693,1,0,To Peterborough
2743,4094,0,To Havant
1870,4094,0,To Horsham
988,4094,0,To East Grinstead
707,4094,0,To Uckfield
222,3820,0,2
223,3820,0,1
233,3805,0,19
233,3806,0,18
233,3807,0,17
233,3808,0,16
1690,2168,0,13
1690,2167,0,12
1690,2166,0,11
1690,2165,0,10
1657,2168,0,73
1658,2168,0,72
1660,2168,0,70
1662,2168,0,68
1668,2168,0,62
1672,2170,0,56
1678,2169,0,51
1689,2170,0,26
1892,2102,0,1
1892,2101,0,2
1892,2100,0,3
1892,2096,0,6
1892,2097,0,5
1892,2099,0,4
235,3811,0,15
232,3812,0,14
232,3813,0,13
232,3814,0,12
232,3815,0,11
232,3816,0,10
232,3817,0,9
232,3826,0,0
232,3825,0,1
232,3824,0,2
232,3823,0,3
232,3827,0,4
232,3828,0,3
232,3829,0,2
232,3830,0,1
232,3822,0,4
232,3821,0,5
232,3820,0,6
232,3819,0,7
1271,1986,0,PG2
1271,1985,0,PG1
1516,1089,0,Hertford Siding
1256,2000,0,RR2
1257,2000,0,RR1
1258,2001,0,Coal Road
1258,2002,0,Mid Road
1259,2002,0,Rough Road
1267,1996,0,19
232,3818,0,8
1284,1996,0,3
1280,1996,0,6
1279,1996,0,8
224,3805,0,River Medway
1697,350,0,Cadwell
1264,2001,0,Oil Road
1286,1985,0,UAL
1287,1985,0,UH
1718,2300,0,North Circular
1292,2014,0,DH
1286,2014,0,UAL
1291,2014,0,DS
1290,2014,0,DF
1287,2014,0,US2
1289,2014,0,UF
1288,2014,0,US1
709,3752,0,Medhurst Row (R/G X)
1230,3706,0,MISSING TUNNEL SOMEWHERE HERE
1485,2233,0,TL
1485,2242,0,Jub
1485,2238,0,LO
1403,3645,0,TODO: Redhill Sidings/Loops/etc
838,3743,0,Little Browns Tunnel
838,3748,0,Edenbridge Tunnel
690,3888,0,Hever Junction
943,3598,0,Hurst Green Junction
975,4034,0,Cookspond Viaduct
973,3717,0,Crowhurst Junction
955,3561,0,Limpsfield Tunnel (565yds)
1042,3468,0,Oxted Tunnel (1mi 501yds)
111,2563,0,West Thurrock Junction
348,2460,0,Aveley Viaduct
433,2369,0,Rainham Creek Viaduct
200,2598,0,Essex Portals
199,2597,0,Thames Tunnels
197,2595,0,X
13,2803,0,Southfleet Junction
1224,3219,0,Riddlesdown Tunnel (837yds)
46,2682,0,Storage Terminal
45,2681,0,Northfleet Cement
82,2646,0,Kent Portals
81,2645,0,Thames Tunnels
79,2643,0,X
2630,3798,0,Farncombe East (CCTV)
2431,3725,0,Tangley (AHBC)
2561,3647,0,Chalk Tunnel (845yds)
1827,3653,0,Betchworth Tunnel (384yds)
1878,3463,0,Mickleham Tunnel (524yds)
2559,3670,0,St. Catherine's (Sand) Tunnel
2560,3692,0,Shalford Jn
2074,3300,0,M25
2008,3396,0,Bookham Tunnel (91yds)
1509,3071,0,Wall of Death
1842,3278,0,M25
1631,2957,0,Motspur Park Junction
1507,3108,0,Ventnor Road Junction
1418,3048,0,The Hope
1874,2982,0,Society of Model Engineers
1873,2981,0,Malden & District
1876,2985,0,Hampton Court Junction
1893,2735,0,16
1903,2747,0,15
1897,2747,0,14
1895,2747,0,12/13
1893,2748,0,11
1892,2747,0,9/10
1891,2746,0,7/8
1889,2746,0,5/6
1888,2745,0,3
1887,2744,0,1/2
1882,2747,0,5
1881,2746,0,2
1880,2746,0,1
1374,3420,0,Merstham Tunnel (North Portal)
1364,3417,0,Quarry Tunnel (North Portal)
1368,3473,0,Merstham Tunnel (South Portal)
1364,3480,0,Quarry Tunnel (South Portal)
1368,3497,0,M25
1294,3227,0,Stoats Nest Jn
3650,2619,0,SB Rdg
3498,2585,0,SB Ear
3478,2562,0,SB Twy
3347,2247,0,SB Twy
3442,2301,0,NB Hen
3398,2338,0,SB Ship
3399,2443,0,NB Ship
3383,2443,0,SB War
3394,2405,0,NB Ship
3448,2295,0,Error
3289,2293,0,SB WokH
3018,2135,0,NB Mar
3076,2155,0,NB Mar
2923,2161,0,NB Bou
2639,2401,0,Slough West
2657,2395,0,Farnham Road
3108,2196,0,SB Cook
2930,2365,0,Maidenhead East
2876,2196,0,SB Cook
2895,2350,0,NB Tap
2876,2351,0,NB Tap
2844,2384,0,NB2 Tap
2844,2445,0,NB Tap
2746,2430,0,NB2 Bur
2746,2489,0,NB Burn
2538,2585,0,SB Sun
2504,2693,0,NB Sun
2536,2641,0,NB Wra
2456,2713,0,NB Wra
2469,2719,0,SB Egg
1726,2286,0,P
2349,2822,0,NB Sta
2297,2963,0,SB Add
2193,2970,0,NB Shep
2137,2781,0,0 - Scale - 1 tile = 26.66 N/S
2193,2952,0,NB Shep
2103,2912,0,south bank WOT
1368,2073,0,Highgate Depot
1493,2095,0,32
1493,2097,0,30
1493,2102,0,25
1493,2107,0,20
1493,2112,0,15
1493,2117,0,10
1493,2122,0,5
1493,2126,0,1
2090,2870,0,north bank Kem
1941,2862,0,crap
1959,2840,0,north bank
1927,2854,0,north bank
1515,2359,0,Gantry 7A
1525,2359,0,Gantry 8
1505,2361,0,Gantry 6
1497,2368,0,Gantry 5
1444,2383,0,0m 5ch
572,2339,0,HS1 Tunnel Portal
1474,2378,0,Link Line
606,2331,0,Barking Freightliner Term.
665,2333,0,Ripple Lane West Yard
643,2335,0,9m 20ch
638,2340,0,9m 31ch
616,2338,0,9m 63ch
579,2339,0,10m 06ch
680,2325,0,8m 60ch
550,2333,0,10m 45ch
533,2382,0,Hanson Aggregates Term.
2149,2947,0,north bank UH
710,1978,0,25
712,1979,0,28
515,2369,0,Ford Motor Co.
714,1981,0,31
725,1970,0,66
720,1970,0,61
715,1970,0,56
1489,2370,0,Gantry 4
1493,2750,0,WIMBLEDON TRAINCARE DEPOT
1493,2740,0,Durnsford Road Sidings
1492,2765,0,Wimbledon Park Sidings
1182,2925,0,SELHURST T&RSMD
1072,2534,0,New Cross Gate Depot (ii)
741,2286,0,HS1
1065,2544,0,New Cross Gate Depot (i)
728,2389,0,Beckton Depot
788,2270,0,East Ham Depot
3723,2625,0,West Run Round
889,2438,0,West Silvertown
864,2442,0,Pontoon Dock
819,2436,0,London City Airport (DLR)
783,2442,0,King George V
860,2467,0,Thames Barrier
2813,2473,0,Eton Dorney
1904,2875,0,thames
1986,2850,0,thames
2231,2826,0,Queen Mary Reservoir
1492,2907,0,Morden Depot
1732,2414,0,Acton Depot
1731,2413,0,London Transport Museum
1745,2419,0,Ealing Common Depot
710,1970,0,51
1483,2364,0,Royal Oak XR Tunnel Portal
1840,2467,0,Northfields Depot
1077,2372,0,Stepney Green Jn
2563,2585,0,NB Sun
898,2485,0,Angerstein Wharf
1027,2595,0,Tanners Hill Flydown
1005,2549,0,Old Lift Bridge
1004,2548,0,Deptford Creek
1101,2499,0,Bermondsey Dive Under
1060,2514,0,North Kent East Jn
1069,2525,0,Canal Jn
1139,2776,0,Penge "Tunnel"
1322,2728,0,Streatham Hill DS
1321,2737,0,Streatham Hill US
1250,2469,0,London Road Depot
705,1970,0,46
1638,2366,0,1
700,1970,0,41
1525,2358,0,1
1628,2333,0,10
1453,2634,0,Clapham Yard
1352,2590,0,Stewarts Lane T&RSMD
3750,2625,0,Scours Lane Junction
1478,2475,0,Triangle Sidings
1511,2508,0,Lille Bridge Depot
1572,2462,0,Hammersmith Depot
1572,2419,0,White City Sidings
1611,2312,0,Willesden TMD
1655,2300,0,Acton Lane
1657,2307,0,Willesden EuroTerminal
1643,2325,0,Old Oak Sidings
1643,2334,0,20
1645,2319,0,South West Sidings
1638,2334,0,27
1648,2334,0,15
1652,2334,0,11
1654,2334,0,9
1659,2335,0,3
1661,2337,0,C
1660,2336,0,A
1890,2677,0,Twickenham Junction
1658,2338,0,1
1610,2347,0,S11
1636,2334,0,1
1543,2351,0,Ladbroke Grove
1579,2387,0,North Pole Junction
987,2264,0,Channelsea Junctions
1188,2897,0,North Sidings
1187,2906,0,Inspection and Cleaning Shed
1190,2915,0,Repair Shop
1186,2925,0,AC Sidings
1187,2933,0,Chalk Sidings
1185,2941,0,New Inspection Shed
1182,2956,0,Field Sidings
2115,2902,0,North Bank Sun
1252,2718,0,South Circular
1251,2717,0,Thurlow Park Road
3697,2637,0,Reading West Curve
988,2217,0,Temple Mills East Jn
1105,2728,0,Beware the sinkhole!
1469,1927,18,Woodside Park
861,1975,18,Woodford
1259,2018,18,Wood Green
1572,2233,18,Willesden Green
1577,2399,18,White City
1301,2448,18,Westminster
1027,2411,18,Westferry
1512,2359,18,Westbourne Park
1527,2495,18,West Kensington
1011,2423,18,West India Quay
1933,2097,18,West Harrow
1478,1964,18,West Finchley
1734,2373,18,West Acton
1729,2171,18,Wembley Park
2111,1751,18,Watford
1272,2437,18,Waterloo
1464,2349,18,Warwick Avenue
1339,2343,18,Warren Street
876,2116,18,Wanstead
1354,2469,18,Victoria
2280,2245,18,Uxbridge
858,2296,18,Upton Park
674,2282,18,Upney
303,2191,18,Upminster Bridge
1240,2050,18,Turnpike Lane
1660,2475,18,Turnham Green
1338,2200,18,Tufnell Park
1167,2408,18,Tower Hill
1162,2406,18,Tower Gateway
1452,1872,18,Totteridge & Whetstone
1318,2380,18,Tottenham Court Road
1421,2776,18,Tooting Broadway
1398,2739,18,Tooting Bec
670,1687,18,Theydon Bois
1271,2404,18,Temple
1440,2260,18,Swiss Cottage
1829,2226,18,Sudbury Town
1887,2199,18,Sudbury Hill
1718,2257,18,Stonebridge Park
1296,2577,18,Stockwell
1084,2355,18,Stepney Green
1795,1919,18,Stanmore
1635,2476,18,Stamford Brook
1226,2387,18,St. Paul's
1438,2299,18,St. John's Wood
1327,2456,18,St. James's Park
1247,2436,18,Southwark
1309,1863,18,Southgate
880,2044,18,South Woodford
1487,2831,18,South Wimbledon
1009,2450,18,South Quay
1810,2140,18,South Kenton
1437,2480,18,South Kensington
1931,2164,18,South Harrow
1806,2447,18,South Ealing
896,2092,18,Snaresbrook
1389,2487,18,Sloane Square
1582,2428,18,Shepherd's Bush Central
1300,2351,18,Russell Square
2097,2126,18,Ruislip Manor
2094,2182,18,Ruislip Gardens
2123,2134,18,Ruislip
906,2412,18,Royal Victoria
1477,2368,18,Royal Oak
828,2416,18,Royal Albert
1100,2448,18,Rotherhithe
834,1930,18,Roding Valley
1362,2348,18,Regent's Park
830,2112,18,Redbridge
1983,2118,18,Rayners Lane
1610,2479,18,Ravenscourt Park
1475,2406,18,Queensway
1747,2032,18,Queensbury
992,2299,18,Pudding Mill Lane
864,2411,18,Prince Regent
1773,2131,18,Preston Road
1003,2419,18,Poplar
906,2314,18,Plaistow
2010,2039,18,Pinner
1326,2501,18,Pimlico
1327,2408,18,Piccadilly Circus
1852,2290,18,Perivale
1513,2564,18,Parsons Green
1743,2333,18,Park Royal
1441,2384,18,Paddington
1348,2385,18,Oxford Circus
1268,2533,18,Oval
1930,2538,18,Osterley
1321,1794,18,Oakwood
1500,2412,18,Notting Hill Gate
2089,2004,18,Northwood Hills
2129,1957,18,Northwood
1837,2102,18,Northwick Park
1976,2238,18,Northolt
1826,2456,18,Northfields
1959,2075,18,North Harrow
946,2452,18,North Greenwich
1756,2374,18,North Ealing
1675,2349,18,North Acton
706,2116,18,Newbury Park
1647,2212,18,Neasden
997,2496,18,Mudchute
1340,2300,18,Mornington Crescent
1495,2888,18,Morden
2154,1874,18,Moor Park
1202,2393,18,Monument
1537,1970,18,Mill Hill East
1048,2341,18,Mile End
1407,2354,18,Marylebone
1394,2392,18,Marble Arch
1216,2399,18,Mansion House
1221,2137,18,Manor House
1470,2320,18,Maida Vale
803,1821,18,Loughton
1196,2428,18,London Bridge UG
1185,2375,18,Liverpool Street UG
933,2149,18,Leytonstone
971,2201,18,Leyton
1311,2403,18,Leicester Square
1559,2392,18,Latimer Road
1441,2400,18,Lancaster Gate
1265,2457,18,Lambeth North
1540,2376,18,Ladbroke Grove
1400,2446,18,Knightsbridge
1728,2075,18,Kingsbury
1299,2317,18,King's Cross St. Pancras
1493,2296,18,Kilburn Park
1522,2244,18,Kilburn
1345,2228,18,Kentish Town
1578,2317,18,Kensal Green
1248,2506,18,Kennington
982,2512,18,Island Gardens
2180,2176,18,Ickenham
1379,2440,18,Hyde Park Corner
2024,2573,18,Hounslow West
1943,2572,18,Hounslow East
1972,2582,18,Hounslow Central
349,2212,18,Hornchurch
1268,2217,18,Holloway Road
1525,2420,18,Holland Park
1288,2375,18,Holborn
2202,2213,18,Hillingdon
1362,2107,18,Highgate
1489,2450,18,High Street Kensington
1495,1781,18,High Barnet
1016,2439,18,Heron Quays
1583,2081,18,Hendon Central
2208,2581,18,Heathrow Terminals 123
2128,2602,18,Hatton Cross
1767,2319,18,Hanger Lane
1449,2200,18,Hampstead
1572,2486,18,Hammersmith (D & P)
1579,2482,18,Hammersmith
698,1990,18,Hainault
1351,2422,18,Green Park
1354,2347,18,Great Portland Street
701,1947,18,Grange Hill
1329,2362,18,Goodge Street
1584,2444,18,Goldhawk Road
1493,2131,18,Golders Green
1462,2478,18,Gloucester Road
773,2112,18,Gants Hill
756,2410,18,Gallions Reach
1496,2540,18,Fulham Broadway
1455,2243,18,Finchley Road
1489,2002,18,Finchley Central
1247,2362,18,Farringdon
704,2026,18,Fairlop
1332,2339,18,Euston Square
1325,2325,18,Euston
640,1589,18,Epping
1295,2420,18,Embankment
1004,2592,18,Elverson Road
404,2231,18,Elm Park
1235,2472,18,Elephant & Castle
1420,2364,18,Edgware Road Circle
1427,2363,18,Edgware Road Bakerloo
1717,1946,18,Edgware
2055,2112,18,Eastcote
963,2412,18,East India
813,2279,18,East Ham
1412,2063,18,East Finchley
1641,2379,18,East Acton
1492,2489,18,Earl's Court
1754,2408,18,Ealing Common
1617,2221,18,Dollis Hill
1003,2354,18,Devons Road
1015,2567,18,Deptford Bridge
724,1804,18,Debden
547,2267,18,Dagenham Heathway
496,2256,18,Dagenham East
780,2414,18,Cyprus
986,2534,18,Cutty Sark
2179,1797,18,Croxley
996,2472,18,Crossharbour & London Arena
1299,2395,18,Covent Garden
1448,2818,18,Colliers Wood
1648,2028,18,Colindale
1370,1776,18,Cockfosters
1365,2664,18,Clapham South
1314,2610,18,Clapham North
1339,2624,18,Clapham Common
2391,1765,18,Chorleywood
1697,2478,18,Chiswick Park
749,1927,18,Chigwell
2648,1538,18,Chesham
1301,2414,18,Charing Cross
1265,2372,18,Chancery Lane
1381,2256,18,Chalk Farm
1772,1972,18,Canons Park
1207,2402,18,Cannon Street
1010,2437,18,Canary Wharf
1351,2277,18,Camden Town
1283,2237,18,Caledonian Road
1687,1995,18,Burnt Oak
826,1888,18,Buckhurst Hill
988,2342,18,Bromley-By-Bow
1547,2110,18,Brent Cross
1024,2333,18,Bow Road
1013,2331,18,Bow Church
1300,1975,18,Bounds Green
1855,2472,18,Boston Manor
1215,2447,18,Borough
1369,2391,18,Bond Street
975,2416,18,Blackwall
1243,2402,18,Blackfriars
1109,2331,18,Bethnal Green
1132,2462,18,Bermondsey
1410,2228,18,Belsize Park
603,2273,18,Becontree
804,2413,18,Beckton Park
787,2385,18,Beckton
1476,2398,18,Bayswater
1547,2497,18,Barons Court
711,2070,18,Barkingside
1202,2393,18,Bank
1390,2350,18,Baker Street
1249,2192,18,Arsenal
1325,1934,18,Arnos Grove
1330,2161,18,Archway
1249,2308,18,Angel
1785,2271,18,Alperton
991,2404,18,All Saints
1156,2385,18,Aldgate East
1165,2389,18,Aldgate
1732,2441,18,Acton Town
2128,2602,18,Hatton Cross
1767,2319,18,Hanger Lane
1449,2200,18,Hampstead
1572,2486,18,Hammersmith (D & P)
1579,2482,18,Hammersmith
698,1990,18,Hainault
1351,2422,18,Green Park
1354,2347,18,Great Portland Street
701,1947,18,Grange Hill
1329,2362,18,Goodge Street
1584,2444,18,Goldhawk Road
1493,2131,18,Golders Green
1462,2478,18,Gloucester Road
773,2112,18,Gants Hill
756,2410,18,Gallions Reach
1496,2540,18,Fulham Broadway
1455,2243,18,Finchley Road
1489,2002,18,Finchley Central
1247,2362,18,Farringdon
704,2026,18,Fairlop
1332,2339,18,Euston Square
1325,2325,18,Euston
640,1589,18,Epping
1295,2420,18,Embankment
1004,2592,18,Elverson Road
404,2231,18,Elm Park
1235,2472,18,Elephant & Castle
1420,2364,18,Edgware Road Circle
1427,2363,18,Edgware Road Bakerloo
1717,1946,18,Edgware
2055,2112,18,Eastcote
963,2412,18,East India
813,2279,18,East Ham
1412,2063,18,East Finchley
1641,2379,18,East Acton
1492,2489,18,Earl's Court
1754,2408,18,Ealing Common
1617,2221,18,Dollis Hill
1003,2354,18,Devons Road
1015,2567,18,Deptford Bridge
724,1804,18,Debden
547,2267,18,Dagenham Heathway
496,2256,18,Dagenham East
780,2414,18,Cyprus
986,2534,18,Cutty Sark
2179,1797,18,Croxley
996,2472,18,Crossharbour & London Arena
1299,2395,18,Covent Garden
1448,2818,18,Colliers Wood
1648,2028,18,Colindale
1370,1776,18,Cockfosters
1365,2664,18,Clapham South
1314,2610,18,Clapham North
1339,2624,18,Clapham Common
2391,1765,18,Chorleywood
1697,2478,18,Chiswick Park
749,1927,18,Chigwell
2648,1538,18,Chesham
1301,2414,18,Charing Cross
1265,2372,18,Chancery Lane
1381,2256,18,Chalk Farm
1772,1972,18,Canons Park
1207,2402,18,Cannon Street
1010,2437,18,Canary Wharf
1351,2277,18,Camden Town
1283,2237,18,Caledonian Road
1687,1995,18,Burnt Oak
826,1888,18,Buckhurst Hill
988,2342,18,Bromley-By-Bow
1547,2110,18,Brent Cross
1024,2333,18,Bow Road
1013,2331,18,Bow Church
1300,1975,18,Bounds Green
1855,2472,18,Boston Manor
1215,2447,18,Borough
1369,2391,18,Bond Street
975,2416,18,Blackwall
1243,2402,18,Blackfriars
1109,2331,18,Bethnal Green
1132,2462,18,Bermondsey
1410,2228,18,Belsize Park
603,2273,18,Becontree
804,2413,18,Beckton Park
787,2385,18,Beckton
1476,2398,18,Bayswater
1547,2497,18,Barons Court
711,2070,18,Barkingside
1202,2393,18,Bank
1390,2350,18,Baker Street
1249,2192,18,Arsenal
1325,1934,18,Arnos Grove
1330,2161,18,Archway
1249,2308,18,Angel
1785,2271,18,Alperton
991,2404,18,All Saints
1156,2385,18,Aldgate East
1165,2389,18,Aldgate
1732,2441,18,Acton Town
2128,2602,18,Hatton Cross
1767,2319,18,Hanger Lane
1449,2200,18,Hampstead
1572,2486,18,Hammersmith (D & P)
1579,2482,18,Hammersmith
698,1990,18,Hainault
1351,2422,18,Green Park
1354,2347,18,Great Portland Street
701,1947,18,Grange Hill
1329,2362,18,Goodge Street
1584,2444,18,Goldhawk Road
1493,2131,18,Golders Green
1462,2478,18,Gloucester Road
773,2112,18,Gants Hill
756,2410,18,Gallions Reach
1496,2540,18,Fulham Broadway
1455,2243,18,Finchley Road
1489,2002,18,Finchley Central
1247,2362,18,Farringdon
704,2026,18,Fairlop
1332,2339,18,Euston Square
1325,2325,18,Euston
640,1589,18,Epping
1295,2420,18,Embankment
1004,2592,18,Elverson Road
404,2231,18,Elm Park
1235,2472,18,Elephant & Castle
1420,2364,18,Edgware Road Circle
1427,2363,18,Edgware Road Bakerloo
1717,1946,18,Edgware
2055,2112,18,Eastcote
963,2412,18,East India
813,2279,18,East Ham
1412,2063,18,East Finchley
1641,2379,18,East Acton
1492,2489,18,Earl's Court
1754,2408,18,Ealing Common
1617,2221,18,Dollis Hill
1003,2354,18,Devons Road
1015,2567,18,Deptford Bridge
724,1804,18,Debden
547,2267,18,Dagenham Heathway
496,2256,18,Dagenham East
780,2414,18,Cyprus
986,2534,18,Cutty Sark
2179,1797,18,Croxley
996,2472,18,Crossharbour & London Arena
1299,2395,18,Covent Garden
1448,2818,18,Colliers Wood
1648,2028,18,Colindale
1370,1776,18,Cockfosters
1365,2664,18,Clapham South
1314,2610,18,Clapham North
1339,2624,18,Clapham Common
2391,1765,18,Chorleywood
1697,2478,18,Chiswick Park
749,1927,18,Chigwell
2648,1538,18,Chesham
1301,2414,18,Charing Cross
1265,2372,18,Chancery Lane
1381,2256,18,Chalk Farm
1772,1972,18,Canons Park
1207,2402,18,Cannon Street
1010,2437,18,Canary Wharf
1351,2277,18,Camden Town
1283,2237,18,Caledonian Road
1687,1995,18,Burnt Oak
826,1888,18,Buckhurst Hill
988,2342,18,Bromley-By-Bow
1547,2110,18,Brent Cross
1024,2333,18,Bow Road
1013,2331,18,Bow Church
1300,1975,18,Bounds Green
1855,2472,18,Boston Manor
1215,2447,18,Borough
1369,2391,18,Bond Street
975,2416,18,Blackwall
1243,2402,18,Blackfriars
1109,2331,18,Bethnal Green
1132,2462,18,Bermondsey
1410,2228,18,Belsize Park
603,2273,18,Becontree
804,2413,18,Beckton Park
787,2385,18,Beckton
1476,2398,18,Bayswater
1547,2497,18,Barons Court
711,2070,18,Barkingside
1202,2393,18,Bank
1390,2350,18,Baker Street
1249,2192,18,Arsenal
1325,1934,18,Arnos Grove
1330,2161,18,Archway
1249,2308,18,Angel
1785,2271,18,Alperton
991,2404,18,All Saints
1156,2385,18,Aldgate East
1165,2389,18,Aldgate
1732,2441,18,Acton Town
2456,2641,18,Wraysbury
2568,3398,18,Worplesdon
1634,2983,18,Worcester Park
807,2491,18,Woolwich Dockyard
764,2498,18,Woolwich Arsenal
1382,3260,18,Woodmansterne
833,2233,18,Woodgrange Park
963,2066,18,Wood Street
1099,3389,18,Woldingham
3289,2848,18,Wokingham
2498,3262,18,Woking
2768,141,18,Woburn Sands
2743,4091,18,Witley
3424,2735,18,Winnersh Triangle
3384,2762,18,Winnersh
2635,2516,18,Windsor & Eton Riverside
2642,2529,18,Windsor & Eton Central
1235,1855,18,Winchmore Hill
3468,3410,18,Winchfield
1506,2747,18,Wimbledon Park
1549,2856,18,Wimbledon Chase
1527,2803,18,Wimbledon
1632,2307,18,Sign
1630,2309,18,Willesden Junction
1169,3329,18,Whyteleafe South
1180,3299,18,Whyteleafe
1946,2678,18,Whitton
1152,1984,18,White Hart Lane
1122,2368,18,Whitechapel
2223,3070,18,Weybridge
995,2982,18,West Wickham
1523,3050,18,West Sutton
2164,2143,18,West Ruislip
1243,2758,18,West Norwood
14,2150,18,West Horndon
1487,2237,18,West Hampstead Thameslink
1487,2241,18,West Hampstead
941,2328,18,West Ham
1843,2392,18,West Ealing
1209,2717,18,West Dulwich
2263,2409,18,West Drayton
1240,2994,18,West Croydon
904,2523,18,Westcombe Park
2356,3169,18,West Byfleet
1496,2512,18,West Brompton
3026,1284,18,Wendover
1748,2210,18,Wembley Stadium
1775,2221,18,Wembley Central
1488,1009,18,Welwyn North
1520,1111,18,Welwyn Garden City
674,2610,18,Welling
1541,1396,18,Welham Green
1286,862,18,Watton-at-Stone
2103,1790,18,Watford West
2086,1798,18,Watford Stadium
2036,1670,18,Watford North
2053,1721,18,Watford Junction
2041,1773,18,Watford High Street
3384,2457,18,Wargrave
1035,1079,18,Ware
1110,2433,18,Wapping
883,2222,18,Wanstead Park
1477,2627,18,Wandsworth Town
1339,2586,18,Wandsworth Road
1409,2693,18,Wandsworth Common
2806,3593,18,Wanborough
2103,3020,18,Walton-on-Thames
1022,2088,18,Walthamstow Queen's Road
1012,2083,18,Walthamstow Central
1029,1627,18,Waltham Cross
1373,3076,18,Wallington
1282,3044,18,Waddon
2512,2890,18,Virginia Water
1296,2516,18,Vauxhall (London)
1169,3312,18,Upper Warlingham
1311,2170,18,Upper Holloway
2149,2840,18,Upper Halliford
256,2192,18,Upminster
3347,2562,18,Twyford
1869,2674,18,Twickenham
1087,1683,18,Turkey Street
1246,2720,18,Tulse Hill
2679,1112,18,Tring
1121,2058,18,Tottenham Hale
1402,2811,18,Tooting
206,3829,18,Tonbridge
1729,3002,18,Tolworth
3805,2580,18,Tilehurst
1233,2905,18,Thornton Heath
1054,1596,18,Theobalds Grove
3930,2751,18,Theale
1895,2948,18,Thames Ditton
1877,2790,18,Teddington
1627,3304,18,Tattenham Corner
2843,2349,18,Taplow
1609,3383,18,Tadworth
1858,2535,18,Syon Lane
1179,2753,18,Sydenham Hill
1107,2779,18,Sydenham
98,2679,18,Swanscombe
487,2929,18,Swanley
1500,3009,18,Sutton Common
1484,3078,18,Sutton (Greater London)
1087,2483,18,Surrey Quays
1798,2933,18,Surbiton
2504,2585,18,Sunnymeads
2711,2933,18,Sunningdale
898,2835,18,Sundridge Park
2115,2819,18,Sunbury
1886,2192,18,Sudbury Hill Harrow
1830,2211,18,Sudbury & Harrow Road
1308,2728,18,Streatham Hill
1334,2817,18,Streatham Common
1322,2783,18,Streatham
1892,2728,18,Strawberry Hill
964,2263,18,Stratford (London)
976,2255,18,Stratford International
1643,3059,18,Stoneleigh
1719,2257,18,Stonebridge Park
224,2666,18,Stone Crossing
1157,2162,18,Stoke Newington
3129,1168,18,Stoke Mandeville
1531,657,18,Stevenage
404,663,18,Stansted Mountfitchet
233,717,18,Stansted Airport
1167,2120,18,Stamford Hill
2349,2754,18,Staines
1101,1790,18,Southbury
2002,2425,18,Southall
1155,2094,18,South Tottenham
2062,2198,18,South Ruislip
1527,2885,18,South Merton
1810,2139,18,South Kenton
1450,2269,18,South Hampstead
1889,2301,18,South Greenford
1529,2694,18,Southfields
1210,3063,18,South Croydon
1108,2504,18,South Bermondsey
1704,2455,18,South Acton
2593,2399,18,Slough
429,2596,18,Slade Green
1141,1940,18,Silver Street
669,2747,18,Sidcup
950,2873,18,Shortlands
433,3201,18,Shoreham (Kent)
1168,2348,18,Shoreditch High Street
3399,2405,18,Shiplake
2193,2912,18,Shepperton
1559,2426,18,Shepherd's Bush
43,1872,18,Shenfield
2525,3726,18,Shalford
1105,2403,18,Shadwell
452,3448,18,Sevenoaks
1163,2081,18,Seven Sisters
687,2167,18,Seven Kings
1201,2934,18,Selhurst
2639,1963,18,Seer Green
512,1050,18,Sawbridgeworth
3242,1666,18,Saunderton
3184,3136,18,Sandhurst
1215,3130,18,Sanderstead
1404,3783,18,Salfords
662,2923,18,St Mary Cray
953,1168,18,St Margarets (Hertfordshire)
1843,2654,18,St Margarets (Greater London)
1018,2591,18,St Johns
1045,2091,18,St James Street
1505,2943,18,St Helier (Surrey)
1903,1362,18,St Albans Abbey
1863,1334,18,St Albans City
940,1252,18,Rye House
856,1223,18,Roydon
1100,2449,18,Rotherhithe
450,2119,18,Romford
2604,105,18,Ridgmont
1231,3200,18,Riddlesdown
2268,1827,18,Rickmansworth
1791,2618,18,Richmond (Greater London)
1522,3604,18,Reigate
1297,3208,18,Reedham (Surrey)
1414,3611,18,Redhill
1146,2190,18,Rectory Road
3698,2652,18,Reading West
3651,2634,18,Reading
1592,2859,18,Raynes Park
978,2831,18,Ravensbourne
428,2378,18,Rainham (Essex)
1834,1626,18,Radlett
1363,2565,18,Queenstown Road (Battersea)
1114,2570,18,Queens Road (Peckham)
1524,2301,18,Queen's Park (London)
1534,2594,18,Putney Bridge
1554,2626,18,Putney
1226,3138,18,Purley Oaks
1271,3176,18,Purley
299,2537,18,Purfleet
3293,1486,18,Princes Risborough
1490,1572,18,Potters Bar
1053,1818,18,Ponders End
723,2498,18,Plumstead
746,2945,18,Petts Wood
476,3804,18,Penshurst
1124,2818,18,Penge West
1106,2812,18,Penge East
1147,2586,18,Peckham Rye
1897,1447,18,Park Street
3974,2518,18,Pangbourne
1261,1924,18,Palmers Green
969,3532,18,Oxted
1960,3184,18,Oxshott
410,3287,18,Otford
708,3019,18,Orpington
1197,2336,18,Old Street
1884,4007,18,Ockley
152,2355,18,Ockendon
1417,1837,18,Oakleigh Park
1323,3672,18,Nutfield
1102,2600,18,Nunhead
1164,2910,18,Norwood Junction
1105,1998,18,Northumberland Park
1952,2197,18,Northolt Park
59,2694,18,Northfleet
782,2456,18,North Woolwich
1797,2174,18,North Wembley
1750,2606,18,North Sheen
1200,2657,18,North Dulwich
2980,3453,18,North Camp
1296,2849,18,Norbury
1742,2844,18,Norbiton
360,312,18,Newport (Essex)
1356,1942,18,New Southgate
1665,2881,18,New Malden
760,2729,18,New Eltham
1068,2563,18,New Cross Gate
1046,2558,18,New Cross
1054,2827,18,New Beckenham
1434,1790,18,New Barnet
818,2719,18,Mottingham
1619,2918,18,Motspur Park
1696,2595,18,Mortlake
3829,3026,18,Mortimer
1508,2916,18,Morden South
1203,2370,18,Moorgate
2152,1876,18,Moor Park
3253,1400,18,Monks Risborough
1389,2928,18,Mitcham Junction
1384,2865,18,Mitcham Eastfields
3101,69,18,Milton Keynes Central
1646,1950,18,Mill Hill Broadway
2718,3949,18,Milford (Surrey)
1371,3505,18,Merstham
949,2534,18,Maze Hill
940,2248,18,Maryland
2962,2865,18,Martins Heron
3077,2135,18,Marlow
828,2219,18,Manor Park
1679,2967,18,Malden Manor
2957,2369,18,Maidenhead
2046,797,18,Luton Airport Parkway
2102,747,18,Luton
1048,2789,18,Lower Sydenham
1238,2603,18,Loughborough Junction
124,2915,18,Longfield
2601,2964,18,Longcross
1274,2440,18,London Waterloo International
1260,2434,18,London Waterloo East
1269,2442,18,London Waterloo
1355,2475,18,London Victoria
1303,2318,18,London St Pancras
2520,3610,18,London Road (Guildford)
1446,2379,18,London Paddington
1407,2350,18,London Marylebone
1182,2371,18,London Liverpool Street
1289,2316,18,London Kings Cross Thameslink
1298,2309,18,London Kings Cross
1119,2273,18,London Fields
1174,2401,18,London Fenchurch Street
1328,2325,18,London Euston
1243,2380,18,London City Thameslink
1301,2417,18,London Charing Cross
1206,2404,18,London Cannon Street
1194,2431,18,London Bridge
1241,2402,18,London Blackfriars
3195,1327,18,Little Kimble
976,3898,18,Lingfield
1065,2397,18,Limehouse
2503,36,18,Lidlington
932,2169,18,Leytonstone High Road
975,2143,18,Leyton Midland Road
995,2605,18,Lewisham
1591,312,18,Letchworth Garden City
2831,595,18,Leighton Buzzard
373,3818,18,Leigh (Kent)
919,2677,18,Lee
1878,3349,18,Leatherhead
2226,645,18,Leagrave
2455,2418,18,Langley
1011,2644,18,Ladywell
594,3141,18,Knockholt
1474,816,18,Knebworth
1539,3367,18,Kingswood
1791,2841,18,Kingston
2168,1532,18,Kings Langley
1487,2285,18,Kilburn High Road
880,2621,18,Kidbrooke
1745,2555,18,Kew Gardens
1753,2499,18,Kew Bridge
1833,2088,18,Kenton
1362,2244,18,Kentish Town West
1342,2227,18,Kentish Town
1081,2844,18,Kent House
1540,2459,18,Kensington Olympia
1565,2298,18,Kensal Rise
1578,2317,18,Kensal Green
1235,3233,18,Kenley
276,3365,18,Kemsing
2090,2805,18,Kempton Park
2359,2414,18,Iver
1889,2564,18,Isleworth
1457,2567,18,Imperial Wharf
763,2190,18,Ilford
945,3590,18,Hurst Green
1165,2312,18,Hoxton
1911,1480,18,How Wood (Herts)
1958,2622,18,Hounslow
2163,3439,18,Horsley
1266,2069,18,Hornsey
1402,3934,18,Horley
3619,3434,18,Hook
1083,2676,18,Honor Oak Park
1075,2243,18,Homerton
1839,3876,18,Holmwood
958,2667,18,Hither Green
1684,432,18,Hitchin
1903,3006,18,Hinchley Wood
327,3724,18,Hildenborough
1246,2248,18,Highbury & Islington
957,1967,18,Highams Park
3024,1873,18,High Wycombe
188,4019,18,High Brooms
692,3876,18,Hever
1210,1119,18,Hertford North
1155,1119,18,Hertford East
2036,3001,18,Hersham
1238,2662,18,Herne Hill
3448,2301,18,Henley-on-Thames
1617,2096,18,Hendon
2315,1373,18,Hemel Hempstead
2310,2578,18,Heathrow Terminal 5
2191,2635,18,Heathrow Terminal 4
2200,2439,18,Heathrow Interchange
1944,1993,18,Headstone Lane
929,3006,18,Hayes (Kent)
2121,2439,18,Hayes & Harlington
1479,2783,18,Haydons Road
1554,1271,18,Hatfield
1977,1962,18,Hatch End
1889,2100,18,Harrow on the Hill
1883,2042,18,Harrow & Wealdstone
1227,2109,18,Harringay Green Lanes
1246,2114,18,Harringay
1930,1048,18,Harpenden
310,2038,18,Harold Wood
693,1195,18,Harlow Town
589,1155,18,Harlow Mill
2326,392,18,Harlington
1670,2288,18,Harlesden
1894,2399,18,Hanwell
1820,2832,18,Hampton Wick
1905,2885,18,Hampton Court
1986,2827,18,Hampton
1413,2207,18,Hampstead Heath
1165,2280,18,Haggerston
1443,1699,18,Hadley Wood
3567,1244,18,Haddenham & Thame Parkway
1025,2261,18,Hackney Wick
1124,2235,18,Hackney Downs
1111,2243,18,Hackney Central
1381,2999,18,Hackbridge
1717,2493,18,Gunnersbury
2562,3626,18,Guildford
894,2761,18,Grove Park
992,2551,18,Greenwich
184,2671,18,Greenhithe for Bluewater
1914,2261,18,Greenford
2919,1543,18,Great Missenden
65,2560,18,Grays
1224,1815,18,Grange Park
1374,2203,18,Gospel Oak
4093,2355,18,Goring & Streatley
1216,1726,18,Gordon Hill
648,2158,18,Goodmayes
2180,3702,18,Gomshall
1097,3711,18,Godstone
2670,3849,18,Godalming
1188,2787,18,Gipsy Hill
385,2087,18,Gidea Park
2492,2056,18,Gerrards Cross
1402,3983,18,Gatwick Airport
2013,1619,18,Garston (Hertfordshire)
2974,2306,18,Furze Platt
1927,2749,18,Fulwell
3024,3292,18,Frimley
1103,2724,18,Forest Hill
889,2232,18,Forest Gate
2327,205,18,Flitwick
3259,3387,18,Fleet
1250,2164,18,Finsbury Park
1465,2230,18,Finchley Road & Frognal
2941,222,18,Fenny Stratford
2089,2684,18,Feltham
1248,2360,18,Farringdon
304,2892,18,Farningham Road
3149,3738,18,Farnham
2631,3805,18,Farncombe
3013,3335,18,Farnborough North
3047,3360,18,Farnborough (Main)
735,2635,18,Falconwood
389,3065,18,Eynsford
1667,3121,18,Ewell West
1623,3147,18,Ewell East
1223,2272,18,Essex Road
1932,2987,18,Esher
471,2534,18,Erith
1617,3237,18,Epsom Downs
1701,3191,18,Epsom
1174,1776,18,Enfield Town
1035,1690,18,Enfield Lock
1207,1770,18,Enfield Chase
346,2146,18,Emerson Park
812,2651,18,Eltham
1731,1770,18,Elstree & Borehamwood
325,576,18,Elsenham
836,2823,18,Elmstead Woods
1090,2907,18,Elmers End
1229,2479,18,Elephant & Castle
2469,2767,18,Egham
2120,3381,18,Effingham Junction
1126,1898,18,Edmonton Green
770,3791,18,Edenbridge Town
787,3753,18,Edenbridge
1029,2943,18,Eden Park
74,2698,18,Ebbsfleet International
1539,2638,18,East Putney
1178,2624,18,East Dulwich
1213,3009,18,East Croydon
1429,3669,18,Earlswood (Surrey)
1476,2710,18,Earlsfield
3498,2716,18,Earley
1791,2387,18,Ealing Broadway
482,3360,18,Dunton Green
1248,2216,18,Drayton Park
1870,2380,18,Drayton Green
967,3989,18,Dormans
1894,3627,18,Dorking West
1853,3618,18,Dorking Deepdene
1853,3607,18,Dorking
1030,2546,18,Deptford
1202,2594,18,Denmark Hill
2389,2093,18,Denham Golf Club
2333,2101,18,Denham
2560,2528,18,Datchet
349,2687,18,Dartford
1167,2238,18,Dalston Kingsland
1164,2247,18,Dalston Junction
550,2336,18,Dagenham Dock
881,2409,18,Custom House
1259,1522,18,Cuffley
1157,2818,18,Crystal Palace
2141,1776,18,Croxley Green
3225,3047,18,Crowthorne
1280,2134,18,Crouch Hill
1057,2653,18,Crofton Park
1545,2191,18,Cricklewood
1253,1630,18,Crews Hill
461,2684,18,Crayford
651,3989,18,Cowden
1322,3243,18,Coulsdon Town
1338,3275,18,Coulsdon South
2955,2197,18,Cookham
2033,3265,18,Cobham & Stoke d'Abernon
1068,2861,18,Clock House
1921,3072,18,Claygate
1114,2178,18,Clapton
1424,2615,18,Clapham Junction
1323,2606,18,Clapham High Street
2348,3505,18,Clandon
2390,1766,18,Chorleywood
1698,2536,18,Chiswick
797,2873,18,Chislehurst
1426,3304,18,Chipstead
928,1859,18,Chingford
2407,3726,18,Chilworth
1812,3091,18,Chessington South
1784,3057,18,Chessington North
1022,1548,18,Cheshunt
2367,2956,18,Chertsey
654,3094,18,Chelsfield
2790,858,18,Cheddington
1549,3096,18,Cheam
870,2511,18,Charlton
2509,1704,18,Chalfont & Latimer
159,2517,18,Chafford Hundred
598,2150,18,Chadwell Heath
1025,2699,18,Catford Bridge
1028,2699,18,Catford
1174,3423,18,Caterham
1875,2351,18,Castle Bar Park
1426,3090,18,Carshalton Beeches
1415,3038,18,Carshalton
2025,1881,18,Carpenders Park
1212,2235,18,Canonbury
935,2387,18,Canning Town
1093,2462,18,Canada Water
1341,2266,18,Camden Road
1116,2312,18,Cambridge Heath
3016,3182,18,Camberley
1273,2258,18,Caledonian Road & Barnsbury
2289,3124,18,Byfleet & New Haw
1147,1821,18,Bush Hill Park
2021,1805,18,Bushey
2746,2349,18,Burnham
1150,2036,18,Bruce Grove
986,1351,18,Broxbourne
2717,3328,18,Brookwood
1522,1467,18,Brookmans Park
1538,2271,18,Brondesbury Park
1515,2251,18,Brondesbury
906,2902,18,Bromley South
908,2861,18,Bromley North
1061,2612,18,Brockley
1269,2617,18,Brixton
1040,1759,18,Brimsdown
1950,1535,18,Bricket Wood
125,1946,18,Brentwood
1817,2505,18,Brentford
3892,3209,18,Bramley (Hants)
3038,2840,18,Bracknell
1865,3555,18,Box Hill & Westhumble
1289,1975,18,Bowes Park
2884,202,18,Bow Brickhill
2923,2110,18,Bourne End
108,3375,18,Borough Green & Wrotham
2015,3396,18,Bookham
2998,242,18,Bletchley
3108,3202,18,Blackwater
1069,2066,18,Blackhorse Road
932,2605,18,Blackheath
499,817,18,Bishops Stortford
1112,2883,18,Birkbeck
831,2898,18,Bickley
588,2615,18,Bexleyheath
547,2720,18,Bexley
1121,2347,18,Bethnal Green
1697,3577,18,Betchworth
1734,2903,18,Berrylands
2513,1277,18,Berkhamsted
3360,3874,18,Bentley (Hants.)
535,2488,18,Belvedere
1507,3149,18,Belmont
1010,2751,18,Bellingham
1028,2848,18,Beckenham Junction
1000,2789,18,Beckenham Hill
2738,1955,18,Beaconsfield
1220,1301,18,Bayford
1364,2554,18,Battersea Park
419,3390,18,Bat & Ball
3966,3487,18,Basingstoke
1655,2578,18,Barnes Bridge
1626,2599,18,Barnes
513,2608,18,Barnehurst
732,2277,18,Barking
1227,2363,18,Barbican
1547,3214,18,Banstead
1375,2707,18,Balham
1474,254,18,Baldock
2862,3056,18,Bagshot
3343,969,18,Aylesbury Vale Parkway
3214,1052,18,Aylesbury
382,201,18,Audley End
2705,128,18,Aspley Guise
1259,85,18,Ashwell & Morden
1808,3266,18,Ashtead
2252,2736,18,Ashford (Surrey)
2954,3468,18,Ash Vale
2928,3570,18,Ash
2827,2871,18,Ascot
1693,107,18,Arlesey
2239,1415,18,Apsley
1092,1952,18,Angel Road
1136,2843,18,Anerley
2638,1676,18,Amersham
3633,4004,18,Alton
1290,2016,18,Alexandra Palace
3059,3584,18,Aldershot
604,2739,18,Albany Park
2297,3019,18,Addlestone
1695,2376,18,Acton Main Line
1684,2414,18,Acton Central
622,2494,18,Abbey Wood
